{"name":"dd6b4be5-d66f-423c-b84a-db765d01bd7f","id":"/providers/Microsoft.Flow/flows/dd6b4be5-d66f-423c-b84a-db765d01bd7f","type":"Microsoft.Flow/flows","properties":{"apiId":"/providers/Microsoft.PowerApps/apis/shared_logicflows","displayName":"Save File","definition":{"metadata":{"workflowEntityId":null,"processAdvisorMetadata":null,"flowChargedByPaygo":null,"flowclientsuspensionreason":"None","flowclientsuspensiontime":null,"flowclientsuspensionreasondetails":null,"creator":{"id":"5c84cea6-b1eb-4a9f-b484-d75ad30ab698","type":"User","tenantId":"4889cb7c-5660-4685-a218-87bf1a7643b3"},"provisioningMethod":"FromDefinition","failureAlertSubscription":true,"clientLastModifiedTime":"2023-05-17T14:10:08.4309113Z"},"$schema":"https://schema.management.azure.com/providers/Microsoft.Logic/schemas/2016-06-01/workflowdefinition.json#","contentVersion":"1.0.0.0","parameters":{"$connections":{"defaultValue":{},"type":"Object"},"$authentication":{"defaultValue":{},"type":"SecureObject"}},"triggers":{"manual":{"metadata":{"operationMetadataId":"e64b9acd-2282-4d49-b538-e6c3a25ffe98"},"type":"Request","kind":"PowerApp","inputs":{"schema":{"type":"object","properties":{"ImageURL_Value":{"type":"string","description":"Enter initial value","x-ms-powerflows-param-ispartial":false},"FileName_Value":{"type":"string","description":"Enter initial value","x-ms-powerflows-param-ispartial":false},"Title_Value":{"type":"string","description":"Enter initial value","x-ms-powerflows-param-ispartial":false},"ImageCreator_Value":{"type":"string","description":"Enter initial value","x-ms-powerflows-param-ispartial":false},"ImageDescription_Value":{"type":"string","description":"Enter initial value","x-ms-powerflows-param-ispartial":false}},"required":["ImageURL_Value","FileName_Value","Title_Value","ImageCreator_Value","ImageDescription_Value"]}}}},"actions":{"ImageURL":{"runAfter":{},"metadata":{"operationMetadataId":"1daec250-ee76-45dc-a853-3b4786d25943"},"type":"InitializeVariable","inputs":{"variables":[{"name":"varURL","type":"string","value":"@{triggerBody()['ImageURL_Value']}"}]}},"HTTP_-_Get_DallE_Image":{"runAfter":{"ImageDescription":["Succeeded"]},"metadata":{"operationMetadataId":"032c5ac2-9499-49cd-a48e-3b647505009a"},"type":"Http","inputs":{"method":"GET","uri":"@variables('varURL')"}},"Create_file_-_Add_to_Temp_SharePoint_Folder":{"runAfter":{"HTTP_-_Get_DallE_Image":["Succeeded"]},"metadata":{"operationMetadataId":"ff9fbffd-720c-42b2-a164-ea19e6272492"},"type":"OpenApiConnection","inputs":{"host":{"apiId":"/providers/Microsoft.PowerApps/apis/shared_sharepointonline","connectionName":"shared_sharepointonline","operationId":"CreateFile"},"parameters":{"dataset":"https://mngenvmcap949932.sharepoint.com/sites/EventSite","folderPath":"/Event Images","name":"@variables('varFileName')","body":"@body('HTTP_-_Get_DallE_Image')"},"authentication":{"value":"@json(decodeBase64(triggerOutputs().headers['X-MS-APIM-Tokens']))['$ConnectionKey']","type":"Raw"}},"runtimeConfiguration":{"contentTransfer":{"transferMode":"Chunked"}}},"FileName":{"runAfter":{"ImageURL":["Succeeded"]},"metadata":{"operationMetadataId":"a561ef93-57d9-4df3-b817-e497120a549c"},"type":"InitializeVariable","inputs":{"variables":[{"name":"varFileName","type":"string","value":"@{triggerBody()['FileName_Value']}"}]}},"Create_SharePoint_List_Item":{"runAfter":{"Create_file_-_Add_to_Temp_SharePoint_Folder":["Succeeded"]},"metadata":{"operationMetadataId":"fc6f824f-355a-4f4d-822d-9956e085df33"},"type":"OpenApiConnection","inputs":{"host":{"apiId":"/providers/Microsoft.PowerApps/apis/shared_sharepointonline","connectionName":"shared_sharepointonline","operationId":"PostItem"},"parameters":{"dataset":"https://mngenvmcap949932.sharepoint.com/sites/EventSite","table":"1b097cbb-8946-46eb-bda3-e7ac18039e4c","view":"4a26d68b-715c-4415-a47b-e4a9e07bc39e","item/Title":"@variables('varFileName')","item/ImageCreator/Claims":"@variables('varImageCreator')","item/ImageDescription":"@variables('ImageDiscription')","item/ImageInfo":"@variables('varURL')","item/ImageFile/Id":"@outputs('Create_file_-_Add_to_Temp_SharePoint_Folder')?['body/ItemId']"},"authentication":{"value":"@json(decodeBase64(triggerOutputs().headers['X-MS-APIM-Tokens']))['$ConnectionKey']","type":"Raw"}}},"Title":{"runAfter":{"FileName":["Succeeded"]},"metadata":{"operationMetadataId":"5ffdf58b-ee0e-4e82-859e-e8393853329f"},"type":"InitializeVariable","inputs":{"variables":[{"name":"varTitle","type":"string","value":"@{triggerBody()['Title_Value']}"}]}},"ImageCreator":{"runAfter":{"Title":["Succeeded"]},"metadata":{"operationMetadataId":"6aad897d-917c-443b-9770-b3e91fca674e"},"type":"InitializeVariable","inputs":{"variables":[{"name":"varImageCreator","type":"string","value":"@{triggerBody()['ImageCreator_Value']}"}]}},"ImageDescription":{"runAfter":{"ImageCreator":["Succeeded"]},"metadata":{"operationMetadataId":"64105c10-7a26-4009-9b53-1a2a4b22df20"},"type":"InitializeVariable","inputs":{"variables":[{"name":"ImageDiscription","type":"string","value":"@{triggerBody()['ImageDescription_Value']}"}]}},"Respond_to_a_PowerApp_or_flow":{"runAfter":{"Create_SharePoint_List_Item":["Succeeded"]},"metadata":{"operationMetadataId":"2e97f15c-766c-49f6-9c2e-b11ac0b38ce0"},"type":"Response","kind":"PowerApp","inputs":{"statusCode":200,"body":{"aiimage":"@{body('HTTP_-_Get_DallE_Image')}"},"schema":{"type":"object","properties":{"logoimage":{"title":"LogoImage","x-ms-dynamically-added":true,"type":"string","format":"byte"},"aiimage":{"title":"AIImage","x-ms-dynamically-added":true,"type":"string","format":"byte"}}}}}}},"connectionReferences":{"shared_sharepointonline":{"connectionName":"c1b2a14db76c4d93a1983b27ac87bbaf","source":"Invoker","id":"/providers/Microsoft.PowerApps/apis/shared_sharepointonline","tier":"NotSpecified"}},"flowFailureAlertSubscribed":false,"isManaged":false}}