{"name":"dbc03180-3c3f-40e3-9e75-125cc4048f6e","id":"/providers/Microsoft.Flow/flows/dbc03180-3c3f-40e3-9e75-125cc4048f6e","type":"Microsoft.Flow/flows","properties":{"apiId":"/providers/Microsoft.PowerApps/apis/shared_logicflows","displayName":"PAMergeImage","definition":{"metadata":{"workflowEntityId":null,"processAdvisorMetadata":null,"flowChargedByPaygo":null,"flowclientsuspensionreason":"None","flowclientsuspensiontime":null,"flowclientsuspensionreasondetails":null,"creator":{"id":"5c84cea6-b1eb-4a9f-b484-d75ad30ab698","type":"User","tenantId":"4889cb7c-5660-4685-a218-87bf1a7643b3"},"provisioningMethod":"FromDefinition","failureAlertSubscription":true,"clientLastModifiedTime":"2023-05-17T15:18:27.0750519Z"},"$schema":"https://schema.management.azure.com/providers/Microsoft.Logic/schemas/2016-06-01/workflowdefinition.json#","contentVersion":"1.0.0.0","parameters":{"$connections":{"defaultValue":{},"type":"Object"},"$authentication":{"defaultValue":{},"type":"SecureObject"}},"triggers":{"manual":{"metadata":{"operationMetadataId":"b339f720-bd1b-4ee5-a12a-712b87bd778b"},"type":"Request","kind":"PowerAppV2","inputs":{"schema":{"type":"object","properties":{"text":{"title":"ImageURL","type":"string","x-ms-dynamically-added":true,"description":"Please enter your input","x-ms-content-hint":"TEXT"},"text_1":{"title":"FileName","type":"string","x-ms-dynamically-added":true,"description":"Please enter your input","x-ms-content-hint":"TEXT"},"email":{"title":"Email","type":"string","format":"email","x-ms-dynamically-added":true,"description":"Please enter an e-mail address","x-ms-content-hint":"EMAIL"}},"required":["text","text_1","email"]}}}},"actions":{"Composite_two_images_together":{"runAfter":{"Get_Logo_(Overlay)_Image":["Succeeded"]},"metadata":{"operationMetadataId":"3993656e-39cf-47e9-b89f-2cb62d6ce32d"},"type":"OpenApiConnection","inputs":{"host":{"apiId":"/providers/Microsoft.PowerApps/apis/shared_cloudmersiveimagepr","connectionName":"shared_cloudmersiveimagepr","operationId":"Edit_CompositeBasic"},"parameters":{"location":"\"bottom-right\"","baseImage/body":"@body('HTTP_-_Get_DallE_Image')","baseImage/fileName":"@triggerBody()['text_1']","layeredImage/body":"@body('Get_Logo_(Overlay)_Image')","layeredImage/fileName":"Logo.png"},"authentication":{"value":"@json(decodeBase64(triggerOutputs().headers['X-MS-APIM-Tokens']))['$ConnectionKey']","type":"Raw"}}},"HTTP_-_Get_DallE_Image":{"runAfter":{},"metadata":{"operationMetadataId":"ab6b9dbb-1429-4211-a326-a0e38697e165"},"type":"Http","inputs":{"method":"GET","uri":"@triggerBody()['text']"}},"Get_Logo_(Overlay)_Image":{"runAfter":{"HTTP_-_Get_DallE_Image":["Succeeded"]},"metadata":{"%252fImageLibrary%252fLogo.png":"/ImageLibrary/Logo.png","operationMetadataId":"f7dd7fad-dc63-4027-9308-62cd9164a4a3","%252fImageLibrary%252fLogo.png":"/ImageLibrary/Logo.png"},"type":"OpenApiConnection","inputs":{"host":{"apiId":"/providers/Microsoft.PowerApps/apis/shared_sharepointonline","connectionName":"shared_sharepointonline","operationId":"GetFileContent"},"parameters":{"dataset":"https://mngenvmcap949932.sharepoint.com/sites/EventSite","id":"%252fImageLibrary%252fLogo.png","inferContentType":true},"authentication":{"value":"@json(decodeBase64(triggerOutputs().headers['X-MS-APIM-Tokens']))['$ConnectionKey']","type":"Raw"}}},"Create_file_-_Save_to_SharePoint":{"runAfter":{"Composite_two_images_together":["Succeeded"]},"metadata":{"operationMetadataId":"bb8210cc-3c18-40f7-9536-e33cc919f859"},"type":"OpenApiConnection","inputs":{"host":{"apiId":"/providers/Microsoft.PowerApps/apis/shared_sharepointonline","connectionName":"shared_sharepointonline","operationId":"CreateFile"},"parameters":{"dataset":"https://mngenvmcap949932.sharepoint.com/sites/EventSite","folderPath":"/ImageLibrary","name":"@triggerBody()['text_1']","body":"@body('Composite_two_images_together')"},"authentication":{"value":"@json(decodeBase64(triggerOutputs().headers['X-MS-APIM-Tokens']))['$ConnectionKey']","type":"Raw"}},"runtimeConfiguration":{"contentTransfer":{"transferMode":"Chunked"}}},"Send_an_email_(V2)":{"runAfter":{"Create_file_-_Save_to_SharePoint":["Succeeded"]},"metadata":{"operationMetadataId":"be92f01a-c41e-4647-b8c4-02498eb7c880"},"type":"OpenApiConnection","inputs":{"host":{"apiId":"/providers/Microsoft.PowerApps/apis/shared_office365","connectionName":"shared_office365","operationId":"SendEmailV2"},"parameters":{"emailMessage/To":"@triggerBody()['email']","emailMessage/Subject":"New Image Created","emailMessage/Body":"\n","emailMessage/Attachments":[{"Name":"@outputs('Create_file_-_Save_to_SharePoint')?['body/DisplayName']","ContentBytes":"@body('Composite_two_images_together')"}],"emailMessage/Importance":"Normal"},"authentication":{"value":"@json(decodeBase64(triggerOutputs().headers['X-MS-APIM-Tokens']))['$ConnectionKey']","type":"Raw"}}}}},"connectionReferences":{"shared_cloudmersiveimagepr":{"connectionName":"0df42a2b73544ff5a509916d691a1cad","source":"Invoker","id":"/providers/Microsoft.PowerApps/apis/shared_cloudmersiveimagepr","tier":"NotSpecified"},"shared_sharepointonline":{"connectionName":"c1b2a14db76c4d93a1983b27ac87bbaf","source":"Invoker","id":"/providers/Microsoft.PowerApps/apis/shared_sharepointonline","tier":"NotSpecified"},"shared_office365":{"connectionName":"17dc4f9b2ee54b80aed381c449a7b8fd","source":"Invoker","id":"/providers/Microsoft.PowerApps/apis/shared_office365","tier":"NotSpecified"}},"flowFailureAlertSubscribed":false,"isManaged":false}}