{"schemaVersion":"1.0","appDefinitionTemplate":{"id":"/providers/Microsoft.PowerApps/apps/","type":"Microsoft.PowerApps/apps","tags":{"primaryDeviceWidth":"640","primaryDeviceHeight":"1136","supportsPortrait":"true","supportsLandscape":"true","primaryFormFactor":"Phone","publisherVersion":"3.23044.18","minimumRequiredApiVersion":"2.2.0","hasComponent":"false","hasUnlockedComponent":"false","isUnifiedRootApp":"false","sienaVersion":"20230515T150656Z-3.23044.18.0"},"properties":{"appVersion":"2023-05-15T15:06:56Z","lifeCycleId":"Published","createdByClientVersion":{"major":3,"minor":23044,"build":18,"revision":0,"majorRevision":0,"minorRevision":0},"minClientVersion":{"major":3,"minor":23044,"build":18,"revision":0,"majorRevision":0,"minorRevision":0},"backgroundColor":"RGBA(0,176,240,1)","backgroundImageUri":"/8692076642626510395/Nabb2732c-588d-45e8-9f16-a8a28e61a9dd-logoSmallFile","displayName":"Image Creator","description":"","commitMessage":"","appUris":{"documentUri":{"value":"/8692076642626510395/N4b486bc5-a1b0-40c3-9a22-7b461206317e-document.msapp"},"imageUris":[],"additionalUris":[]},"createdTime":"0001-01-01T00:00:00Z","lastModifiedTime":"0001-01-01T00:00:00Z","sharedGroupsCount":0,"sharedUsersCount":0,"connectionReferences":{"0469c75c-fcba-4931-8a9b-800eab80b9aa":{"id":"f71d5f87-4f78-4b7c-9c91-63f6d53289c8","displayName":"OAI","iconUri":"https://az787822.vo.msecnd.net/defaulticons/api-dedicated.png","dataSources":["BrownBagSessions"],"dependencies":[],"dependents":[],"parameterHints":{},"parameterHintsV2":{},"isOnPremiseConnection":false,"dataSets":{},"apiTier":"Standard","isCustomApiConnection":true}},"databaseReferences":{},"almMode":"Environment","performanceOptimizationEnabled":true,"canConsumeAppPass":true,"enableModernRuntimeMode":false,"executionRestrictions":{"isTeamsOnly":false,"dataLossPreventionEvaluationResult":{"status":"Compliant","lastEvaluationDate":"2023-05-15T15:06:58.6262463Z","violations":[],"violationsByPolicy":[],"violationErrorMessage":"The app uses the following connectors: shared_oai-5f06b1da9979b3eba4-5f53633d42dc619b9c."}}},"appType":"ClassicCanvasApp","appComponents":[]}}